{"cameraMode":{"drawMode":0,"name":"Shaded","section":"Shading Mode"},"sceneLighting":false,"audioPlay":false,"sceneViewState":{"showFog":true,"showMaterialUpdate":true,"showSkybox":true,"showFlares":true,"showImageEffects":true,"showParticleSystems":true},"in2DMode":false,"pivot":{"x":-0.19672346115112306,"y":1.4469060897827149,"z":10.135055541992188},"rotation":{"x":0.09930367767810822,"y":0.9012704491615295,"z":-0.304069459438324,"w":0.29318931698799136},"size":21.977819442749025,"orthographic":false}