{"cameraMode":{"drawMode":0,"name":"Shaded","section":"Shading Mode"},"sceneLighting":false,"audioPlay":false,"sceneViewState":{"showFog":true,"showMaterialUpdate":true,"showSkybox":true,"showFlares":true,"showImageEffects":true,"showParticleSystems":true},"in2DMode":false,"pivot":{"x":0.8999029994010925,"y":-0.3715398907661438,"z":-4.920000076293945},"rotation":{"x":-0.03590653836727142,"y":0.9622083902359009,"z":-0.22024394571781159,"w":-0.15732784569263459},"size":1.4147244691848755,"orthographic":false}