{"cameraMode":{"drawMode":0,"name":"Shaded","section":"Shading Mode"},"sceneLighting":false,"audioPlay":false,"sceneViewState":{"showFog":true,"showMaterialUpdate":true,"showSkybox":true,"showFlares":true,"showImageEffects":true,"showParticleSystems":true},"in2DMode":false,"pivot":{"x":0.33799999952316286,"y":-0.3715398907661438,"z":-4.920000076293945},"rotation":{"x":-0.03293456882238388,"y":0.9592378735542297,"z":-0.2516016364097595,"w":-0.12597067654132844},"size":1.5726996660232545,"orthographic":false}