{"cameraMode":{"drawMode":0,"name":"Shaded","section":"Shading Mode"},"sceneLighting":false,"audioPlay":false,"sceneViewState":{"showFog":true,"showMaterialUpdate":true,"showSkybox":true,"showFlares":true,"showImageEffects":true,"showParticleSystems":true},"in2DMode":false,"pivot":{"x":-9.263907432556153,"y":6.1732330322265629,"z":-11.566174507141114},"rotation":{"x":-0.061712320894002917,"y":0.9361755847930908,"z":-0.2758331000804901,"w":-0.20992620289325715},"size":2.8578836917877199,"orthographic":false}