{"cameraMode":{"drawMode":0,"name":"Shaded","section":"Shading Mode"},"sceneLighting":false,"audioPlay":false,"sceneViewState":{"showFog":true,"showMaterialUpdate":true,"showSkybox":true,"showFlares":true,"showImageEffects":true,"showParticleSystems":true},"in2DMode":false,"pivot":{"x":6.689532279968262,"y":8.047102928161621,"z":9.339829444885254},"rotation":{"x":0.0016049379482865334,"y":-0.9978729486465454,"z":0.06446433812379837,"w":0.029432885348796846},"size":5.857885837554932,"orthographic":false}