{"cameraMode":{"drawMode":0,"name":"Shaded","section":"Shading Mode"},"sceneLighting":false,"audioPlay":false,"sceneViewState":{"showFog":true,"showMaterialUpdate":true,"showSkybox":true,"showFlares":true,"showImageEffects":true,"showParticleSystems":true},"in2DMode":false,"pivot":{"x":24.778675079345704,"y":10.539999961853028,"z":-8.838007926940918},"rotation":{"x":-0.13089005649089814,"y":0.7814884185791016,"z":-0.17530940473079682,"w":-0.5848041772842407},"size":2.8578836917877199,"orthographic":false}