{"cameraMode":{"drawMode":0,"name":"Shaded","section":"Shading Mode"},"sceneLighting":false,"audioPlay":false,"sceneViewState":{"showFog":true,"showMaterialUpdate":true,"showSkybox":true,"showFlares":true,"showImageEffects":true,"showParticleSystems":true},"in2DMode":false,"pivot":{"x":0.008931934833526612,"y":0.3637087345123291,"z":-0.00034543871879577637},"rotation":{"x":-0.05239264667034149,"y":0.9468851089477539,"z":-0.24259591102600099,"w":-0.20449484884738923},"size":3.0865650177001955,"orthographic":false}