{"cameraMode":{"drawMode":0,"name":"Shaded","section":"Shading Mode"},"sceneLighting":false,"audioPlay":false,"sceneViewState":{"showFog":true,"showMaterialUpdate":true,"showSkybox":true,"showFlares":true,"showImageEffects":true,"showParticleSystems":true},"in2DMode":false,"pivot":{"x":3.5183565616607668,"y":7.734317302703857,"z":10.341547012329102},"rotation":{"x":-0.04355191811919212,"y":0.9554147720336914,"z":-0.22805136442184449,"w":-0.1824573129415512},"size":4.664318084716797,"orthographic":false}