{"cameraMode":{"drawMode":0,"name":"Shaded","section":"Shading Mode"},"sceneLighting":false,"audioPlay":false,"sceneViewState":{"showFog":true,"showMaterialUpdate":true,"showSkybox":true,"showFlares":true,"showImageEffects":true,"showParticleSystems":true},"in2DMode":false,"pivot":{"x":-5.348625183105469,"y":7.409154891967773,"z":-8.846908569335938},"rotation":{"x":-0.04316890984773636,"y":0.8885094523429871,"z":-0.08560405671596527,"w":-0.449165940284729},"size":5.995484828948975,"orthographic":false}